date,total_emission,online_day,day_laptop_total,distance,kWh_day,total_classes,online_classes,offline_classes,students_attends,is_exam_period
2021-08-23,400.02127559999997,105.0,977.0,419.4,1159.4290322580646,36.0,36.0,0.0,105.0,0.0
2021-08-24,379.3724652,104.0,954.0,399.6,1159.4290322580646,33.0,33.0,0.0,104.0,0.0
2021-08-25,385.8469522114285,93.0,945.0,405.3,1159.4290322580646,37.0,36.0,1.0,103.0,0.0
2021-08-26,353.79324540000005,96.0,874.0,367.65,1159.4290322580646,25.0,25.0,0.0,96.0,0.0
2021-08-27,410.58511200000004,112.0,1049.0,448.5,1159.4290322580646,26.0,26.0,0.0,112.0,0.0
2021-08-28,407.06383320000003,109.66666666666667,1025.0,438.8,1159.4290322580646,29.333333333333332,29.333333333333332,0.0,109.66666666666667,0.0
2021-08-29,403.5425544,107.33333333333333,1001.0,429.09999999999997,1159.4290322580646,32.666666666666664,32.666666666666664,0.0,107.33333333333333,0.0
2021-08-30,400.02127559999997,105.0,977.0,419.4,1159.4290322580646,36.0,36.0,0.0,105.0,0.0
2021-08-31,383.67694139238097,100.0,954.0,399.6,1159.4290322580646,34.0,33.0,1.0,104.0,0.0
2021-09-01,391.8538818,103.0,945.0,405.3,1166.2466666666667,37.0,37.0,0.0,103.0,0.0
2021-09-02,353.86657019999996,96.0,874.0,367.65,1166.2466666666667,26.0,26.0,0.0,96.0,0.0
2021-09-03,409.48524000000003,112.0,1049.0,448.5,1166.2466666666667,23.0,23.0,0.0,112.0,0.0
2021-09-04,406.33058520000003,109.66666666666667,1025.0,438.8,1166.2466666666667,27.333333333333332,27.333333333333332,0.0,109.66666666666667,0.0
2021-09-05,403.17593039999997,107.33333333333333,1001.0,429.09999999999997,1166.2466666666667,31.666666666666664,31.666666666666664,0.0,107.33333333333333,0.0
2021-09-06,400.02127559999997,105.0,977.0,419.4,1166.2466666666667,36.0,36.0,0.0,105.0,0.0
2021-09-07,380.4967788,104.0,954.0,399.6,1166.2466666666667,35.0,35.0,0.0,104.0,0.0
2021-09-08,380.67387320000006,102.0,933.0,393.3,1166.2466666666667,33.0,33.0,0.0,102.0,0.0
2021-09-09,353.9032326,96.0,874.0,367.65,1166.2466666666667,26.0,26.0,0.0,96.0,0.0
2021-09-10,411.28475280000004,112.0,1049.0,448.5,1166.2466666666667,28.0,28.0,0.0,112.0,0.0
2021-09-11,404.6015385333333,108.66666666666667,1010.3333333333334,434.8,1166.2466666666667,30.666666666666668,30.666666666666668,0.0,108.66666666666667,0.0
2021-09-12,397.9183242666667,105.33333333333333,971.6666666666666,421.1,1166.2466666666667,33.333333333333336,33.333333333333336,0.0,105.33333333333333,0.0
2021-09-13,391.23510999999996,102.0,933.0,407.40000000000003,1166.2466666666667,36.0,36.0,0.0,102.0,0.0
2021-09-14,380.11487880000004,104.0,954.0,399.6,1166.2466666666667,34.0,34.0,0.0,104.0,0.0
2021-09-15,392.08760459999996,103.0,945.0,405.3,1166.2466666666667,37.0,37.0,0.0,103.0,0.0
2021-09-16,331.2424122,91.0,830.0,332.65000000000003,1166.2466666666667,25.0,25.0,0.0,91.0,0.0
2021-09-17,409.94657520000004,112.0,1049.0,448.5,1166.2466666666667,25.0,25.0,0.0,112.0,0.0
2021-09-18,29.407505999999998,6.0,77.0,30.0,1166.2466666666667,1.0,1.0,0.0,6.0,0.0
2021-09-19,218.75689044816323,52.5,527.0,224.7,1166.2466666666667,17.0,16.5,0.5,55.5,0.0
2021-09-20,408.1062748963265,99.0,977.0,419.4,1166.2466666666667,33.0,32.0,1.0,105.0,0.0
2021-09-21,379.32052680000004,104.0,954.0,399.6,1166.2466666666667,32.0,32.0,0.0,104.0,0.0
2021-09-22,391.2733938,103.0,945.0,405.3,1166.2466666666667,33.0,33.0,0.0,103.0,0.0
2021-09-23,334.08374819999995,91.0,830.0,332.65000000000003,1166.2466666666667,29.0,29.0,0.0,91.0,0.0
2021-09-24,410.77453440000005,112.0,1049.0,448.5,1166.2466666666667,27.0,27.0,0.0,112.0,0.0
2021-09-25,404.10812373333334,108.66666666666667,1010.3333333333334,434.8,1166.2466666666667,29.666666666666668,29.666666666666668,0.0,108.66666666666667,0.0
2021-09-26,397.4417130666667,105.33333333333333,971.6666666666666,421.1,1166.2466666666667,32.333333333333336,32.333333333333336,0.0,105.33333333333333,0.0
2021-09-27,390.7753024,102.0,933.0,407.40000000000003,1166.2466666666667,35.0,35.0,0.0,102.0,0.0
2021-09-28,367.92197759999993,100.0,919.0,385.85,1166.2466666666667,33.0,33.0,0.0,100.0,0.0
2021-09-29,392.0982978,103.0,945.0,405.3,1166.2466666666667,37.0,37.0,0.0,103.0,0.0
2021-09-30,344.38242539999993,95.0,865.0,346.40000000000003,1166.2466666666667,26.0,26.0,0.0,95.0,0.0
2021-10-01,409.9139864,112.0,1049.0,448.5,1061.132258064516,25.0,25.0,0.0,112.0,0.0
2021-10-02,29.407505999999998,6.0,77.0,30.0,1061.132258064516,1.0,1.0,0.0,6.0,0.0
2021-10-03,214.76021879999996,55.5,527.0,224.7,1061.132258064516,18.5,18.5,0.0,55.5,0.0
2021-10-04,400.11293159999997,105.0,977.0,419.4,1061.132258064516,36.0,36.0,0.0,105.0,0.0
2021-10-05,379.93156680000004,104.0,954.0,399.6,1061.132258064516,33.0,33.0,0.0,104.0,0.0
2021-10-06,392.0982978,103.0,945.0,405.3,1061.132258064516,37.0,37.0,0.0,103.0,0.0
2021-10-07,286.84460759999996,77.0,707.0,276.25000000000006,1061.132258064516,24.0,24.0,0.0,77.0,0.0
2021-10-08,395.93784,107.0,991.0,425.2,1061.132258064516,27.0,27.0,0.0,107.0,0.0
2021-10-09,396.62174919999995,106.33333333333333,986.3333333333334,423.26666666666665,1061.132258064516,28.333333333333332,28.333333333333332,0.0,106.33333333333333,0.0
2021-10-10,397.30565839999997,105.66666666666667,981.6666666666666,421.3333333333333,1061.132258064516,29.666666666666668,29.666666666666668,0.0,105.66666666666667,0.0
2021-10-11,397.98956759999993,105.0,977.0,419.4,1061.132258064516,31.0,31.0,0.0,105.0,0.0
2021-10-12,378.6269964,104.0,954.0,399.6,1061.132258064516,31.0,31.0,0.0,104.0,0.0
2021-10-13,356.5454044,93.0,843.0,358.34999999999997,1061.132258064516,26.0,26.0,0.0,93.0,0.0
2021-10-14,389.82743999999997,108.0,999.0,424.40000000000003,1061.132258064516,23.0,23.0,0.0,108.0,0.0
2021-10-15,320.1410501078114,80.0,836.0,353.4,1061.132258064516,18.0,17.0,1.0,90.0,0.0
2021-10-16,343.5257423385409,87.33333333333333,868.3333333333334,371.4,1061.132258064516,23.0,22.333333333333332,0.6666666666666667,94.0,0.0
2021-10-17,366.9104345692705,94.66666666666667,900.6666666666666,389.40000000000003,1061.132258064516,28.0,27.666666666666664,0.33333333333333337,98.0,0.0
2021-10-18,390.2951268,102.0,933.0,407.40000000000003,1061.132258064516,33.0,33.0,0.0,102.0,0.0
2021-10-19,380.17598280000004,104.0,954.0,399.6,1061.132258064516,34.0,34.0,0.0,104.0,0.0
2021-10-20,351.6640926,90.0,840.0,343.2,1061.132258064516,25.0,25.0,0.0,90.0,0.0
2021-10-21,331.9206666,91.0,830.0,332.65000000000003,1061.132258064516,25.0,25.0,0.0,91.0,0.0
2021-10-22,411.0311712000001,112.0,1049.0,448.5,1061.132258064516,27.0,27.0,0.0,112.0,0.0
2021-10-23,29.407505999999998,6.0,77.0,30.0,1061.132258064516,1.0,1.0,0.0,6.0,0.0
2021-10-24,209.8576814,54.0,505.0,218.70000000000002,1061.132258064516,17.5,17.5,0.0,54.0,0.0
2021-10-25,390.30785679999997,102.0,933.0,407.40000000000003,1061.132258064516,34.0,34.0,0.0,102.0,0.0
2021-10-26,380.60371080000004,104.0,954.0,399.6,1061.132258064516,35.0,35.0,0.0,104.0,0.0
2021-10-27,391.97608979999995,103.0,945.0,405.3,1061.132258064516,37.0,37.0,0.0,103.0,0.0
2021-10-28,332.0978682,91.0,830.0,332.65000000000003,1061.132258064516,25.0,25.0,0.0,91.0,0.0
2021-10-29,410.8188348,112.0,1049.0,448.5,1061.132258064516,27.0,27.0,0.0,112.0,0.0
2021-10-30,29.407505999999998,6.0,77.0,30.0,1061.132258064516,1.0,1.0,0.0,6.0,0.0
2021-10-31,214.5616308,55.5,527.0,224.7,995.491129032258,18.0,18.0,0.0,55.5,0.0
2021-11-01,399.71575559999997,105.0,977.0,419.4,929.85,35.0,35.0,0.0,105.0,0.0
2021-11-02,411.7513944,111.0,1037.0,437.6,929.85,36.0,36.0,0.0,111.0,0.0
2021-11-03,391.60946579999995,103.0,945.0,405.3,929.85,36.0,36.0,0.0,103.0,0.0
2021-11-04,331.3646202,91.0,830.0,332.65000000000003,929.85,26.0,26.0,0.0,91.0,0.0
2021-11-05,409.85797440000005,112.0,1049.0,448.5,929.85,24.0,24.0,0.0,112.0,0.0
2021-11-06,406.6910988,109.66666666666667,1025.0,438.8,929.85,28.0,28.0,0.0,109.66666666666667,0.0
2021-11-07,403.5242232,107.33333333333333,1001.0,429.09999999999997,929.85,32.0,32.0,0.0,107.33333333333333,0.0
2021-11-08,400.35734759999997,105.0,977.0,419.4,929.85,36.0,36.0,0.0,105.0,0.0
2021-11-09,380.60371080000004,104.0,954.0,399.6,929.85,35.0,35.0,0.0,104.0,0.0
2021-11-10,392.48348164,93.0,945.0,405.3,929.85,37.0,36.0,1.0,103.0,0.0
2021-11-11,331.21186019999993,91.0,830.0,332.65000000000003,929.85,25.0,25.0,0.0,91.0,0.0
2021-11-12,410.74398240000005,112.0,1049.0,448.5,929.85,26.0,26.0,0.0,112.0,0.0
2021-11-13,403.9930445333334,108.66666666666667,1010.3333333333334,434.8,929.85,28.666666666666668,28.666666666666668,0.0,108.66666666666667,0.0
2021-11-14,397.24210666666664,105.33333333333333,971.6666666666666,421.1,929.85,31.333333333333332,31.333333333333332,0.0,105.33333333333333,0.0
2021-11-15,390.49116879999997,102.0,933.0,407.40000000000003,929.85,34.0,34.0,0.0,102.0,0.0
2021-11-16,380.60371080000004,104.0,954.0,399.6,929.85,35.0,35.0,0.0,104.0,0.0
2021-11-17,391.97608979999995,103.0,945.0,405.3,929.85,37.0,37.0,0.0,103.0,0.0
2021-11-18,331.2424122,91.0,830.0,332.65000000000003,929.85,25.0,25.0,0.0,91.0,0.0
2021-11-19,409.82742240000005,112.0,1049.0,448.5,929.85,24.0,24.0,0.0,112.0,0.0
2021-11-20,29.407505999999998,6.0,77.0,30.0,929.85,1.0,1.0,0.0,6.0,0.0
2021-11-21,209.8665924,54.0,505.0,218.70000000000002,929.85,17.5,17.5,0.0,54.0,0.0
2021-11-22,390.3256788,102.0,933.0,407.40000000000003,929.85,34.0,34.0,0.0,102.0,0.0
2021-11-23,379.68715080000004,104.0,954.0,399.6,929.85,33.0,33.0,0.0,104.0,0.0
2021-11-24,391.85388179999995,103.0,945.0,405.3,929.85,36.0,36.0,0.0,103.0,0.0
2021-11-25,331.2424122,91.0,830.0,332.65000000000003,929.85,25.0,25.0,0.0,91.0,0.0
2021-11-26,410.83563840000005,112.0,1049.0,448.5,929.85,27.0,27.0,0.0,112.0,0.0
2021-11-27,402.9693962,108.33333333333333,1014.3333333333334,431.1333333333333,929.85,29.666666666666668,29.666666666666668,0.0,108.33333333333333,0.0
2021-11-28,395.103154,104.66666666666667,979.6666666666666,413.7666666666667,929.85,32.333333333333336,32.333333333333336,0.0,104.66666666666667,0.0
2021-11-29,387.2369118,101.0,945.0,396.40000000000003,929.85,35.0,35.0,0.0,101.0,0.0
2021-11-30,400.74029279999996,107.0,987.0,417.59999999999997,929.85,35.0,35.0,0.0,107.0,0.0
2021-12-01,391.6094658,103.0,945.0,405.3,885.0258064516129,34.0,34.0,0.0,103.0,1.0
2021-12-02,331.3391602,91.0,830.0,332.65000000000003,885.0258064516129,26.0,26.0,0.0,91.0,1.0
2021-12-03,333.23454182970755,38.0,780.0,334.2,885.0258064516129,17.0,10.0,7.0,85.0,1.0
2021-12-04,287.47328101980503,43.666666666666664,690.6666666666666,305.0,885.0258064516129,14.666666666666666,10.0,4.666666666666666,75.0,1.0
2021-12-05,241.7120202099025,49.333333333333336,601.3333333333334,275.8,885.0258064516129,12.333333333333332,10.0,2.333333333333333,65.0,1.0
2021-12-06,195.9507594,55.0,512.0,246.60000000000002,885.0258064516129,10.0,10.0,0.0,55.0,1.0
2021-12-07,192.19620000000003,55.0,526.0,189.9,885.0258064516129,8.0,8.0,0.0,55.0,1.0
2021-12-08,208.1100132,55.0,498.0,241.50000000000003,885.0258064516129,9.0,9.0,0.0,55.0,1.0
2021-12-09,164.53699200000005,45.0,405.0,148.2,885.0258064516129,6.0,6.0,0.0,45.0,1.0
2021-12-10,321.4513806,83.0,748.0,317.40000000000003,885.0258064516129,10.0,10.0,0.0,83.0,1.0
2021-12-11,327.8489694,84.33333333333333,758.3333333333334,322.6833333333334,885.0258064516129,11.333333333333334,11.333333333333334,0.0,84.33333333333333,1.0
2021-12-12,334.2465582,85.66666666666667,768.6666666666666,327.9666666666667,885.0258064516129,12.666666666666666,12.666666666666666,0.0,85.66666666666667,1.0
2021-12-13,340.644147,87.0,779.0,333.25000000000006,885.0258064516129,14.0,14.0,0.0,87.0,1.0
2021-12-14,155.71256939999998,42.0,377.0,175.1,885.0258064516129,9.0,9.0,0.0,42.0,1.0
2021-12-15,385.82042459999997,101.0,925.0,402.0,885.0258064516129,15.0,15.0,0.0,101.0,1.0
2021-12-16,357.1479756,97.0,914.0,380.1,885.0258064516129,14.0,14.0,0.0,97.0,1.0
2021-12-17,44.733876599999995,14.0,123.0,56.4,885.0258064516129,2.0,2.0,0.0,14.0,1.0
2021-12-18,42.529067399999995,12.0,117.66666666666667,49.93333333333333,885.0258064516129,2.0,2.0,0.0,12.0,1.0
2021-12-19,40.3242582,10.0,112.33333333333333,43.46666666666667,885.0258064516129,2.0,2.0,0.0,10.0,1.0
2021-12-20,38.119449,8.0,107.0,37.0,885.0258064516129,2.0,2.0,0.0,8.0,1.0
2021-12-21,10.096431,1.0,12.0,12.0,885.0258064516129,1.0,1.0,0.0,1.0,1.0
2021-12-22,25.697722863607837,3.962962962962963,47.888888888888886,27.529629629629632,895.110633213859,2.037037037037037,1.8518518518518519,0.18518518518518517,4.962962962962963,0.962962962962963
2021-12-23,41.29901472721567,6.925925925925926,83.77777777777777,43.059259259259264,905.1954599761051,3.074074074074074,2.7037037037037037,0.37037037037037035,8.925925925925926,0.9259259259259259
2021-12-24,56.900306590823504,9.88888888888889,119.66666666666666,58.58888888888889,915.2802867383513,4.111111111111111,3.5555555555555554,0.5555555555555556,12.88888888888889,0.8888888888888888
2021-12-25,72.50159845443133,12.851851851851851,155.55555555555554,74.11851851851853,925.3651135005973,5.148148148148148,4.407407407407407,0.7407407407407407,16.85185185185185,0.8518518518518519
2021-12-26,88.10289031803916,15.814814814814813,191.44444444444443,89.64814814814815,935.4499402628435,6.185185185185185,5.2592592592592595,0.9259259259259258,20.814814814814813,0.8148148148148149
2021-12-27,103.704182181647,18.77777777777778,227.33333333333331,105.17777777777778,945.5347670250896,7.222222222222221,6.111111111111111,1.1111111111111112,24.77777777777778,0.7777777777777778
2021-12-28,119.30547404525484,21.74074074074074,263.2222222222222,120.70740740740742,955.6195937873357,8.25925925925926,6.962962962962963,1.2962962962962963,28.74074074074074,0.7407407407407407
2021-12-29,134.90676590886267,24.703703703703702,299.1111111111111,136.23703703703706,965.7044205495819,9.296296296296296,7.814814814814815,1.4814814814814814,32.7037037037037,0.7037037037037037
2021-12-30,150.5080577724705,27.666666666666664,335.0,151.76666666666668,975.789247311828,10.333333333333332,8.666666666666668,1.6666666666666665,36.666666666666664,0.6666666666666667
2021-12-31,166.10934963607832,30.629629629629626,370.88888888888886,167.2962962962963,985.8740740740741,11.37037037037037,9.518518518518519,1.8518518518518516,40.629629629629626,0.6296296296296297
2022-01-01,181.71064149968618,33.59259259259259,406.7777777777777,182.82592592592593,995.9589008363203,12.407407407407407,10.37037037037037,2.0370370370370368,44.59259259259259,0.5925925925925926
2022-01-02,197.311933363294,36.55555555555556,442.66666666666663,198.35555555555555,1006.0437275985664,13.444444444444443,11.222222222222221,2.2222222222222223,48.55555555555556,0.5555555555555556
2022-01-03,212.91322522690183,39.51851851851852,478.55555555555554,213.88518518518518,1016.1285543608125,14.481481481481481,12.074074074074074,2.4074074074074074,52.51851851851852,0.5185185185185186
2022-01-04,228.51451709050968,42.48148148148148,514.4444444444443,229.41481481481483,1026.2133811230585,15.518518518518517,12.925925925925926,2.5925925925925926,56.48148148148148,0.4814814814814815
2022-01-05,244.1158089541175,45.44444444444444,550.3333333333333,244.94444444444446,1036.2982078853047,16.555555555555557,13.777777777777779,2.7777777777777777,60.44444444444444,0.4444444444444444
2022-01-06,259.71710081772534,48.407407407407405,586.2222222222222,260.4740740740741,1046.3830346475509,17.59259259259259,14.62962962962963,2.962962962962963,64.4074074074074,0.40740740740740744
2022-01-07,275.3183926813332,51.37037037037037,622.1111111111111,276.0037037037037,1056.467861409797,18.62962962962963,15.481481481481481,3.148148148148148,68.37037037037037,0.37037037037037046
2022-01-08,290.919684544941,54.33333333333333,658.0,291.53333333333336,1066.5526881720432,19.666666666666664,16.333333333333336,3.333333333333333,72.33333333333333,0.33333333333333337
2022-01-09,306.52097640854885,57.29629629629629,693.8888888888888,307.06296296296296,1076.6375149342894,20.703703703703702,17.185185185185187,3.518518518518518,76.29629629629629,0.2962962962962963
2022-01-10,322.12226827215665,60.25925925925925,729.7777777777777,322.5925925925926,1086.7223416965353,21.74074074074074,18.037037037037038,3.7037037037037033,80.25925925925925,0.2592592592592593
2022-01-11,337.7235601357645,63.22222222222222,765.6666666666666,338.1222222222222,1096.8071684587815,22.777777777777775,18.88888888888889,3.888888888888889,84.22222222222221,0.22222222222222232
2022-01-12,353.32485199937236,66.18518518518518,801.5555555555554,353.65185185185186,1106.8919952210276,23.814814814814813,19.74074074074074,4.0740740740740735,88.18518518518518,0.18518518518518523
2022-01-13,368.92614386298015,69.14814814814814,837.4444444444443,369.1814814814815,1116.9768219832738,24.85185185185185,20.59259259259259,4.259259259259259,92.14814814814814,0.14814814814814814
2022-01-14,384.527435726588,72.11111111111111,873.3333333333333,384.7111111111111,1127.06164874552,25.888888888888886,21.444444444444443,4.444444444444445,96.11111111111111,0.11111111111111116
2022-01-15,400.12872759019587,75.07407407407408,909.2222222222222,400.24074074074076,1137.146475507766,26.925925925925924,22.296296296296298,4.62962962962963,100.07407407407408,0.07407407407407418
2022-01-16,415.73001945380366,78.03703703703704,945.1111111111111,415.77037037037036,1147.231302270012,27.962962962962962,23.14814814814815,4.814814814814815,104.03703703703704,0.03703703703703709
2022-01-17,431.3313113174115,81.0,981.0,431.3,1157.3161290322582,29.0,24.0,5.0,108.0,0.0
2022-01-18,449.4068070478588,70.0,951.0,410.5,1157.3161290322582,32.0,24.0,8.0,104.0,0.0
2022-01-19,430.1785172243984,65.0,990.0,392.6,1157.3161290322582,40.0,31.0,9.0,106.0,0.0
2022-01-20,432.67947485242246,92.0,1043.0,444.3,1157.3161290322582,33.0,28.0,5.0,112.0,0.0
2022-01-21,421.3838100126817,69.0,902.0,379.9,1157.3161290322582,31.0,21.0,10.0,100.0,0.0
2022-01-22,431.7480560634578,64.66666666666667,928.3333333333334,397.0333333333333,1157.3161290322582,30.333333333333332,21.0,9.333333333333334,102.66666666666667,0.0
2022-01-23,442.1123021142339,60.333333333333336,954.6666666666666,414.1666666666667,1157.3161290322582,29.666666666666668,21.0,8.666666666666666,105.33333333333333,0.0
2022-01-24,452.47654816501,56.0,981.0,431.3,1157.3161290322582,29.0,21.0,8.0,108.0,0.0
2022-01-25,455.51155306943815,34.0,951.0,410.5,1157.3161290322582,33.0,21.0,12.0,104.0,0.0
2022-01-26,433.2677556356542,51.0,1002.0,404.6,1157.3161290322582,39.0,28.0,11.0,107.0,0.0
2022-01-27,413.653518523757,63.0,1031.0,432.29999999999995,1157.3161290322582,32.0,24.0,8.0,111.0,0.0
2022-01-28,421.60125927621345,58.0,902.0,379.9,1157.3161290322582,31.0,18.0,13.0,100.0,0.0
2022-01-29,431.2438203229552,56.666666666666664,920.6666666666666,392.1333333333333,1157.3161290322582,30.0,19.0,11.0,102.0,0.0
2022-01-30,440.8863813696969,55.333333333333336,939.3333333333334,404.3666666666667,1157.3161290322582,29.0,20.0,9.0,104.0,0.0
2022-01-31,450.5289424164386,54.0,958.0,416.6,1157.3161290322582,28.0,21.0,7.0,106.0,0.0
2022-02-01,312.426500935073,53.0,695.0,289.35,1384.425,18.0,12.0,6.0,77.0,0.0
2022-02-02,436.09666566434964,81.0,1034.0,427.59999999999997,1384.425,40.0,33.0,7.0,111.0,0.0
2022-02-03,422.6156220781368,92.0,1031.0,432.29999999999995,1384.425,32.0,28.0,4.0,111.0,0.0
2022-02-04,400.68340519775325,76.0,902.0,379.9,1384.425,31.0,25.0,6.0,100.0,0.0
2022-02-05,399.9243430868613,82.0,920.6666666666666,392.1333333333333,1384.425,30.0,25.333333333333332,4.666666666666667,102.0,0.0
2022-02-06,399.1652809759694,88.0,939.3333333333334,404.3666666666667,1384.425,29.0,25.666666666666668,3.3333333333333335,104.0,0.0
2022-02-07,398.40621886507745,94.0,958.0,416.6,1384.425,28.0,26.0,2.0,106.0,0.0
2022-02-08,449.7307393663882,74.0,951.0,410.5,1384.425,33.0,26.0,7.0,104.0,0.0
2022-02-09,441.61537770893733,87.0,1034.0,427.59999999999997,1384.425,39.0,33.0,6.0,111.0,0.0
2022-02-10,410.1094407271535,101.0,1031.0,432.29999999999995,1384.425,33.0,30.0,3.0,111.0,0.0
2022-02-11,399.01493132793576,85.0,902.0,379.9,1384.425,31.0,25.0,6.0,100.0,0.0
2022-02-12,398.81202717364965,88.0,920.6666666666666,392.1333333333333,1384.425,30.0,25.333333333333332,4.666666666666667,102.0,0.0
2022-02-13,398.60912301936355,91.0,939.3333333333334,404.3666666666667,1384.425,29.0,25.666666666666668,3.3333333333333335,104.0,0.0
2022-02-14,398.40621886507745,94.0,958.0,416.6,1384.425,28.0,26.0,2.0,106.0,0.0
2022-02-15,430.0027585164395,82.0,951.0,410.5,1384.425,33.0,27.0,6.0,104.0,0.0
2022-02-16,436.62941848879404,94.0,1034.0,427.59999999999997,1384.425,39.0,33.0,6.0,111.0,0.0
2022-02-17,409.872856796119,101.0,1031.0,432.29999999999995,1384.425,33.0,31.0,2.0,111.0,0.0
2022-02-18,396.99776820507867,87.0,902.0,379.9,1384.425,29.0,23.0,6.0,100.0,0.0
2022-02-19,402.13337712995144,87.0,928.3333333333334,397.0333333333333,1384.425,29.0,24.0,5.0,102.66666666666667,0.0
2022-02-20,407.2689860548242,87.0,954.6666666666666,414.1666666666667,1384.425,29.0,25.0,4.0,105.33333333333333,0.0
2022-02-21,412.404594979697,87.0,981.0,431.3,1384.425,29.0,26.0,3.0,108.0,0.0
2022-02-22,431.26390920610754,78.0,951.0,410.5,1384.425,33.0,26.0,7.0,104.0,0.0
2022-02-23,424.251396288794,90.0,1002.0,404.6,1384.425,38.0,32.0,6.0,107.0,0.0
2022-02-24,410.4984801014392,100.0,1031.0,432.29999999999995,1384.425,33.0,29.0,4.0,111.0,0.0
2022-02-25,403.29969243712526,84.0,902.0,379.9,1384.425,31.0,25.0,6.0,100.0,0.0
2022-02-26,371.4367516544093,78.66666666666667,843.3333333333334,355.59999999999997,1384.425,26.0,21.333333333333332,4.666666666666667,94.0,0.0
2022-02-27,339.57381087169335,73.33333333333333,784.6666666666666,331.3,1384.425,21.0,17.666666666666668,3.3333333333333335,88.0,0.0
2022-02-28,307.7108700889774,68.0,726.0,307.0,1384.425,16.0,14.0,2.0,82.0,0.0
2022-03-01,431.41967057507304,78.0,951.0,410.5,1256.8967741935485,33.0,26.0,7.0,104.0,0.0
2022-03-02,413.47648149369195,89.0,990.0,392.6,1256.8967741935485,37.0,32.0,5.0,106.0,0.0
2022-03-03,408.20029698383695,80.0,934.0,406.6,1256.8967741935485,18.0,15.0,3.0,99.0,0.0
2022-03-04,399.84563790305936,84.0,902.0,379.9,1256.8967741935485,29.0,23.0,6.0,100.0,0.0
2022-03-05,407.4740817279556,84.33333333333333,928.3333333333334,397.0333333333333,1256.8967741935485,27.0,21.333333333333332,5.666666666666667,102.66666666666667,0.0
2022-03-06,415.1025255528518,84.66666666666667,954.6666666666666,414.1666666666667,1256.8967741935485,25.0,19.666666666666668,5.333333333333333,105.33333333333333,0.0
2022-03-07,422.730969377748,85.0,981.0,431.3,1256.8967741935485,23.0,18.0,5.0,108.0,0.0
2022-03-08,449.9130574324566,70.0,951.0,410.5,1256.8967741935485,33.0,26.0,7.0,104.0,0.0
2022-03-09,428.62189962346645,72.0,990.0,392.6,1256.8967741935485,28.0,22.0,6.0,106.0,0.0
2022-03-10,436.6096886538926,89.0,1043.0,444.3,1256.8967741935485,24.0,20.0,4.0,112.0,0.0
2022-03-11,402.6328778352144,58.0,879.0,367.40000000000003,1256.8967741935485,26.0,17.0,9.0,97.0,0.0
2022-03-12,396.7828120171415,65.0,882.0,373.23333333333335,1256.8967741935485,26.666666666666668,19.666666666666668,7.0,98.0,0.0
2022-03-13,390.9327461990686,72.0,885.0,379.0666666666667,1256.8967741935485,27.333333333333332,22.333333333333332,5.0,99.0,0.0
2022-03-14,385.0826803809957,79.0,888.0,384.90000000000003,1256.8967741935485,28.0,25.0,3.0,100.0,0.0
2022-03-15,463.775873765078,61.0,951.0,410.5,1256.8967741935485,33.0,24.0,9.0,104.0,0.0
2022-03-16,429.92933364478245,70.0,992.0,402.6,1256.8967741935485,37.0,28.0,9.0,106.0,0.0
2022-03-17,418.58405827242257,80.0,1031.0,432.29999999999995,1256.8967741935485,31.0,25.0,6.0,111.0,0.0
2022-03-18,421.46927634054646,72.0,929.0,401.9,1256.8967741935485,32.0,23.0,9.0,102.0,0.0
2022-03-19,421.93902720073413,68.33333333333333,946.3333333333334,411.7,1256.8967741935485,31.0,23.0,8.0,104.0,0.0
2022-03-20,422.4087780609218,64.66666666666667,963.6666666666666,421.5,1256.8967741935485,30.0,23.0,7.0,106.0,0.0
2022-03-21,422.8785289211095,61.0,981.0,431.3,1256.8967741935485,29.0,23.0,6.0,108.0,0.0
2022-03-22,450.9660756491596,70.0,951.0,410.5,1256.8967741935485,33.0,25.0,8.0,104.0,0.0
2022-03-23,427.30112290185605,65.0,1002.0,404.6,1256.8967741935485,38.0,30.0,8.0,107.0,0.0
2022-03-24,410.0483367271535,101.0,1031.0,432.29999999999995,1256.8967741935485,32.0,29.0,3.0,111.0,0.0
2022-03-25,415.5302887239035,76.0,929.0,401.9,1256.8967741935485,31.0,23.0,8.0,102.0,0.0
2022-03-26,417.6124984528655,75.33333333333333,946.3333333333334,411.7,1256.8967741935485,30.333333333333332,23.333333333333332,7.0,104.0,0.0
2022-03-27,419.6947081818275,74.66666666666667,963.6666666666666,421.5,1256.8967741935485,29.666666666666668,23.666666666666668,6.0,106.0,0.0
2022-03-28,421.7769179107895,74.0,981.0,431.3,1256.8967741935485,29.0,24.0,5.0,108.0,0.0
2022-03-29,417.52971926616385,53.0,887.0,370.2,1256.8967741935485,32.0,23.0,9.0,97.0,0.0
2022-03-30,430.5601650085262,63.0,990.0,392.6,1256.8967741935485,35.0,26.0,9.0,106.0,0.0
2022-03-31,425.9160442987861,84.0,1043.0,444.3,1256.8967741935485,34.0,29.0,5.0,112.0,0.0
2022-04-01,420.4193547000373,61.0,902.0,379.9,1232.18,31.0,18.0,13.0,100.0,0.0
2022-04-02,417.8847235974634,66.33333333333333,920.6666666666666,392.1333333333333,1232.18,30.0,20.0,10.0,102.0,0.0
2022-04-03,415.3500924948895,71.66666666666667,939.3333333333334,404.3666666666667,1232.18,29.0,22.0,7.0,104.0,0.0
2022-04-04,412.8154613923156,77.0,958.0,416.6,1232.18,28.0,24.0,4.0,106.0,0.0
2022-04-05,444.20706389099144,69.0,951.0,410.5,1232.18,33.0,25.0,8.0,104.0,0.0
2022-04-06,448.1600013010938,71.0,1022.0,415.6,1232.18,38.0,29.0,10.0,110.0,0.0
2022-04-07,432.54707227813674,93.0,1043.0,444.3,1232.18,33.0,29.0,4.0,112.0,0.0
2022-04-08,410.82367472032666,69.0,882.0,365.2,1232.18,30.0,23.0,7.0,98.0,0.0
2022-04-09,414.21269840139007,70.66666666666667,915.0,387.23333333333335,1232.18,29.666666666666668,23.666666666666668,6.0,101.33333333333333,0.0
2022-04-10,417.6017220824534,72.33333333333333,948.0,409.26666666666665,1232.18,29.333333333333332,24.333333333333332,5.0,104.66666666666667,0.0
2022-04-11,420.9907457635168,74.0,981.0,431.3,1232.18,29.0,25.0,4.0,108.0,0.0
2022-04-12,451.3362462042817,70.0,951.0,410.5,1232.18,33.0,26.0,8.0,104.0,0.0
2022-04-13,435.63227430109384,67.0,990.0,392.6,1232.18,37.0,28.0,10.0,106.0,0.0
2022-04-14,432.7887863530718,92.0,1043.0,444.3,1232.18,33.0,28.0,5.0,112.0,0.0
2022-04-15,328.11974428614263,42.0,670.0,286.1,1232.18,19.0,11.0,8.0,74.0,0.0
2022-04-16,360.499564991461,51.0,773.6666666666666,334.5,1232.18,22.333333333333332,15.333333333333332,7.0,85.33333333333333,0.0
2022-04-17,392.8793856967793,60.0,877.3333333333334,382.90000000000003,1232.18,25.666666666666668,19.666666666666664,6.0,96.66666666666667,0.0
2022-04-18,425.2592064020977,69.0,981.0,431.3,1232.18,29.0,24.0,5.0,108.0,0.0
2022-04-19,451.6282607904439,63.0,951.0,410.5,1232.18,33.0,25.0,8.0,104.0,0.0
2022-04-20,444.7901353111588,60.0,1002.0,404.6,1232.18,38.0,29.0,9.0,107.0,0.0
2022-04-21,422.6393879787861,92.0,1031.0,432.29999999999995,1232.18,32.0,28.0,4.0,111.0,0.0
2022-04-22,412.13775486779235,69.0,882.0,365.2,1232.18,30.0,20.0,10.0,98.0,0.0
2022-04-23,409.85291631917914,71.33333333333333,907.3333333333334,382.3333333333333,1232.18,29.333333333333332,21.0,8.333333333333334,100.66666666666667,0.0
2022-04-24,407.5680777705659,73.66666666666667,932.6666666666666,399.4666666666667,1232.18,28.666666666666668,22.0,6.666666666666666,103.33333333333333,0.0
2022-04-25,405.28323922195267,76.0,958.0,416.6,1232.18,28.0,23.0,5.0,106.0,0.0
2022-04-26,424.771691909021,62.0,899.0,371.40000000000003,1232.18,32.0,24.0,8.0,98.0,0.0
2022-04-27,448.0843565053796,71.0,1022.0,415.6,1232.18,38.0,29.0,10.0,110.0,0.0
2022-04-28,449.14450416242244,96.0,1075.0,458.1,1232.18,37.0,32.0,5.0,115.0,0.0
2022-04-29,30.384757422745825,0.0,73.0,44.2,1232.18,1.0,0.0,1.0,7.0,0.0
2022-04-30,42.44844407439899,0.0,99.0,54.32727272727273,1236.6812316715543,1.4545454545454546,0.0,1.4545454545454546,10.0,0.09090909090909091
2022-05-01,54.51213072605216,0.0,125.0,64.45454545454545,1241.1824633431086,1.9090909090909092,0.0,1.9090909090909092,13.0,0.18181818181818182
2022-05-02,66.57581737770533,0.0,151.0,74.58181818181819,1245.6836950146628,2.3636363636363633,0.0,2.3636363636363633,16.0,0.2727272727272727
2022-05-03,78.6395040293585,0.0,177.0,84.70909090909092,1250.184926686217,2.8181818181818183,0.0,2.8181818181818183,19.0,0.36363636363636365
2022-05-04,90.70319068101168,0.0,203.0,94.83636363636364,1254.6861583577713,3.2727272727272725,0.0,3.2727272727272725,22.0,0.4545454545454546
2022-05-05,102.76687733266483,0.0,229.0,104.96363636363637,1259.1873900293256,3.727272727272727,0.0,3.727272727272727,25.0,0.5454545454545454
2022-05-06,114.830563984318,0.0,255.0,115.0909090909091,1263.6886217008798,4.181818181818182,0.0,4.181818181818182,28.0,0.6363636363636364
2022-05-07,126.89425063597118,0.0,281.0,125.21818181818182,1268.189853372434,4.636363636363637,0.0,4.636363636363637,31.0,0.7272727272727273
2022-05-08,138.95793728762436,0.0,307.0,135.34545454545454,1272.6910850439883,5.090909090909091,0.0,5.090909090909091,34.0,0.8181818181818182
2022-05-09,151.02162393927753,0.0,333.0,145.47272727272727,1277.1923167155426,5.545454545454545,0.0,5.545454545454545,37.0,0.9090909090909092
2022-05-10,163.08531059093067,0.0,359.0,155.6,1281.6935483870968,6.0,0.0,6.0,40.0,1.0
2022-05-11,282.8999831980884,0.0,661.0,258.9,1281.6935483870968,11.0,0.0,11.0,74.0,1.0
2022-05-12,155.41926095909898,7.0,389.0,124.6,1281.6935483870968,6.0,1.0,5.0,39.0,1.0
2022-05-13,121.900332453835,0.0,278.0,127.65,1281.6935483870968,6.0,0.0,6.0,33.0,1.0
2022-05-14,201.58263204874817,0.0,421.25,187.125,1281.6935483870968,8.0,0.0,8.0,48.25,1.0
2022-05-15,281.26493164366127,0.0,564.5,246.60000000000002,1281.6935483870968,10.0,0.0,10.0,63.5,1.0
2022-05-16,360.94723123857443,0.0,707.75,306.07500000000005,1281.6935483870968,12.0,0.0,12.0,78.75,1.0
2022-05-17,440.6295308334876,0.0,851.0,365.55,1281.6935483870968,14.0,0.0,14.0,94.0,1.0
2022-05-18,239.04454307572107,0.0,462.0,204.9,1281.6935483870968,10.0,0.0,10.0,51.0,1.0
2022-05-19,399.74022307455687,13.0,903.0,390.75,1281.6935483870968,15.0,1.0,14.0,98.0,1.0
2022-05-20,111.90108256182994,0.0,213.0,113.10000000000001,1281.6935483870968,5.0,0.0,5.0,22.0,1.0
2022-05-21,163.29248537132483,0.0,343.0,152.71666666666667,1281.6935483870968,6.333333333333333,0.0,6.333333333333333,36.333333333333336,1.0
2022-05-22,214.68388818081974,0.0,473.0,192.33333333333334,1281.6935483870968,7.666666666666666,0.0,7.666666666666666,50.66666666666667,1.0
2022-05-23,266.0752909903146,0.0,603.0,231.95000000000002,1281.6935483870968,9.0,0.0,9.0,65.0,1.0
2022-05-24,270.22673838565214,0.0,552.0,228.8,1281.6935483870968,10.0,0.0,10.0,61.0,1.0
2022-05-25,186.21925259976524,10.0,336.0,168.05000000000004,1281.6935483870968,7.0,2.0,5.0,35.0,1.0
2022-05-26,189.88002438620913,9.910112359550562,344.1685393258427,170.96123595505622,1282.5843783979703,7.280898876404494,1.9887640449438202,5.292134831460674,35.93258426966292,0.9887640449438202
2022-05-27,193.54079617265305,9.820224719101123,352.3370786516854,173.8724719101124,1283.4752084088439,7.561797752808989,1.9775280898876404,5.584269662921348,36.86516853932584,0.9775280898876404
2022-05-28,197.20156795909693,9.730337078651685,360.5056179775281,176.78370786516857,1284.3660384197174,7.842696629213483,1.9662921348314606,5.876404494382022,37.79775280898876,0.9662921348314607
2022-05-29,200.86233974554082,9.640449438202246,368.6741573033708,179.69494382022475,1285.2568684305909,8.123595505617978,1.9550561797752808,6.168539325842697,38.73033707865169,0.9550561797752809
2022-05-30,204.52311153198474,9.55056179775281,376.8426966292135,182.60617977528094,1286.1476984414644,8.404494382022472,1.9438202247191012,6.460674157303371,39.662921348314605,0.9438202247191011
2022-05-31,208.18388331842863,9.460674157303371,385.0112359550562,185.51741573033712,1287.038528452338,8.685393258426966,1.9325842696629214,6.752808988764045,40.59550561797753,0.9325842696629214
2022-06-01,211.84465510487252,9.370786516853933,393.17977528089887,188.42865168539328,1287.9293584632114,8.96629213483146,1.9213483146067416,7.044943820224719,41.52808988764045,0.9213483146067416
2022-06-02,215.50542689131643,9.280898876404494,401.34831460674155,191.33988764044946,1288.820188474085,9.247191011235955,1.9101123595505618,7.337078651685394,42.46067415730337,0.9101123595505618
2022-06-03,219.16619867776032,9.191011235955056,409.51685393258424,194.25112359550565,1289.7110184849585,9.52808988764045,1.898876404494382,7.629213483146067,43.39325842696629,0.898876404494382
2022-06-04,222.82697046420424,9.101123595505618,417.685393258427,197.16235955056183,1290.601848495832,9.808988764044944,1.8876404494382022,7.921348314606742,44.32584269662921,0.8876404494382022
2022-06-05,226.48774225064813,9.01123595505618,425.85393258426967,200.07359550561802,1291.4926785067055,10.089887640449438,1.8764044943820224,8.213483146067416,45.258426966292134,0.8764044943820225
2022-06-06,230.148514037092,8.921348314606742,434.02247191011236,202.98483146067417,1292.3835085175788,10.370786516853933,1.8651685393258428,8.50561797752809,46.19101123595506,0.8651685393258427
2022-06-07,233.80928582353593,8.831460674157304,442.19101123595505,205.89606741573036,1293.2743385284523,10.651685393258427,1.853932584269663,8.797752808988765,47.12359550561798,0.8539325842696629
2022-06-08,237.47005760997982,8.741573033707866,450.35955056179773,208.80730337078654,1294.1651685393258,10.932584269662922,1.8426966292134832,9.089887640449438,48.056179775280896,0.8426966292134832
2022-06-09,241.13082939642374,8.651685393258427,458.5280898876404,211.71853932584273,1295.0559985501993,11.213483146067416,1.8314606741573034,9.382022471910112,48.98876404494382,0.8314606741573034
2022-06-10,244.79160118286762,8.561797752808989,466.6966292134831,214.6297752808989,1295.9468285610728,11.49438202247191,1.8202247191011236,9.674157303370787,49.92134831460674,0.8202247191011236
2022-06-11,248.4523729693115,8.47191011235955,474.86516853932585,217.54101123595507,1296.8376585719463,11.775280898876405,1.8089887640449438,9.96629213483146,50.853932584269664,0.8089887640449438
2022-06-12,252.1131447557554,8.382022471910112,483.03370786516854,220.45224719101125,1297.7284885828199,12.0561797752809,1.797752808988764,10.258426966292134,51.78651685393258,0.797752808988764
2022-06-13,255.77391654219932,8.292134831460674,491.2022471910112,223.36348314606744,1298.6193185936934,12.337078651685394,1.7865168539325842,10.55056179775281,52.71910112359551,0.7865168539325843
2022-06-14,259.43468832864323,8.202247191011235,499.3707865168539,226.2747191011236,1299.510148604567,12.617977528089888,1.7752808988764044,10.842696629213483,53.651685393258425,0.7752808988764045
2022-06-15,263.0954601150871,8.112359550561798,507.5393258426966,229.1859550561798,1300.4009786154404,12.898876404494382,1.7640449438202248,11.134831460674157,54.58426966292134,0.7640449438202247
2022-06-16,266.756231901531,8.02247191011236,515.7078651685393,232.09719101123596,1301.291808626314,13.179775280898877,1.752808988764045,11.426966292134832,55.51685393258427,0.752808988764045
2022-06-17,270.4170036879749,7.932584269662922,523.876404494382,235.00842696629215,1302.1826386371874,13.460674157303371,1.7415730337078652,11.719101123595506,56.449438202247194,0.7415730337078652
2022-06-18,274.0777754744188,7.842696629213483,532.0449438202247,237.91966292134833,1303.073468648061,13.741573033707866,1.7303370786516854,12.01123595505618,57.38202247191011,0.7303370786516854
2022-06-19,277.7385472608627,7.752808988764045,540.2134831460673,240.8308988764045,1303.9642986589345,14.02247191011236,1.7191011235955056,12.303370786516854,58.31460674157303,0.7191011235955056
2022-06-20,281.3993190473066,7.662921348314606,548.3820224719101,243.7421348314607,1304.855128669808,14.303370786516854,1.7078651685393258,12.595505617977528,59.247191011235955,0.7078651685393258
2022-06-21,285.0600908337505,7.573033707865169,556.5505617977528,246.65337078651686,1305.7459586806815,14.584269662921349,1.696629213483146,12.887640449438202,60.17977528089887,0.6966292134831461
2022-06-22,288.7208626201944,7.48314606741573,564.7191011235955,249.56460674157304,1306.636788691555,14.865168539325843,1.6853932584269664,13.179775280898877,61.11235955056179,0.6853932584269663
2022-06-23,292.3816344066383,7.393258426966292,572.8876404494382,252.47584269662923,1307.5276187024285,15.146067415730338,1.6741573033707864,13.47191011235955,62.04494382022472,0.6741573033707865
2022-06-24,296.04240619308223,7.3033707865168545,581.0561797752808,255.38707865168539,1308.418448713302,15.426966292134832,1.6629213483146068,13.764044943820224,62.97752808988764,0.6629213483146068
2022-06-25,299.7031779795261,7.213483146067416,589.2247191011236,258.29831460674154,1309.3092787241756,15.707865168539326,1.651685393258427,14.0561797752809,63.91011235955056,0.651685393258427
2022-06-26,303.36394976597,7.123595505617978,597.3932584269662,261.20955056179776,1310.200108735049,15.98876404494382,1.6404494382022472,14.348314606741573,64.84269662921348,0.6404494382022472
2022-06-27,307.0247215524139,7.033707865168539,605.561797752809,264.12078651685397,1311.0909387459226,16.269662921348313,1.6292134831460674,14.640449438202246,65.7752808988764,0.6292134831460674
2022-06-28,310.6854933388578,6.943820224719101,613.7303370786517,267.0320224719101,1311.9817687567959,16.55056179775281,1.6179775280898876,14.932584269662922,66.70786516853933,0.6179775280898876
2022-06-29,314.34626512530167,6.853932584269663,621.8988764044943,269.9432584269663,1312.8725987676694,16.831460674157306,1.606741573033708,15.224719101123595,67.64044943820224,0.6067415730337079
2022-06-30,318.00703691174556,6.764044943820225,630.0674157303371,272.8544943820225,1313.763428778543,17.1123595505618,1.595505617977528,15.516853932584269,68.57303370786516,0.5955056179775281
2022-07-01,321.66780869818945,6.674157303370786,638.2359550561798,275.76573033707865,1314.6542587894164,17.39325842696629,1.5842696629213484,15.808988764044944,69.50561797752809,0.5842696629213483
2022-07-02,325.3285804846334,6.584269662921349,646.4044943820224,278.6769662921348,1315.54508880029,17.674157303370787,1.5730337078651686,16.10112359550562,70.43820224719101,0.5730337078651686
2022-07-03,328.9893522710773,6.49438202247191,654.5730337078651,281.588202247191,1316.4359188111634,17.955056179775283,1.5617977528089888,16.39325842696629,71.37078651685394,0.5617977528089888
2022-07-04,332.65012405752117,6.404494382022472,662.7415730337078,284.4994382022472,1317.326748822037,18.235955056179776,1.550561797752809,16.685393258426966,72.30337078651685,0.550561797752809
2022-07-05,336.3108958439651,6.314606741573034,670.9101123595506,287.41067415730333,1318.2175788329105,18.51685393258427,1.5393258426966292,16.97752808988764,73.23595505617978,0.5393258426966292
2022-07-06,339.971667630409,6.224719101123595,679.0786516853932,290.32191011235955,1319.108408843784,18.797752808988765,1.5280898876404494,17.269662921348313,74.16853932584269,0.5280898876404494
2022-07-07,343.6324394168529,6.134831460674158,687.2471910112359,293.2331460674157,1319.9992388546575,19.07865168539326,1.5168539325842696,17.56179775280899,75.10112359550561,0.5168539325842697
2022-07-08,347.2932112032968,6.044943820224719,695.4157303370787,296.14438202247186,1320.890068865531,19.359550561797754,1.50561797752809,17.853932584269664,76.03370786516854,0.5056179775280899
2022-07-09,350.95398298974067,5.955056179775281,703.5842696629213,299.0556179775281,1321.7808988764045,19.640449438202246,1.49438202247191,18.146067415730336,76.96629213483146,0.4943820224719101
2022-07-10,354.61475477618455,5.865168539325843,711.752808988764,301.9668539325843,1322.671728887278,19.921348314606742,1.4831460674157304,18.43820224719101,77.89887640449439,0.4831460674157304
2022-07-11,358.27552656262844,5.775280898876405,719.9213483146067,304.87808988764044,1323.5625588981516,20.20224719101124,1.4719101123595506,18.730337078651687,78.8314606741573,0.4719101123595506
2022-07-12,361.93629834907233,5.685393258426966,728.0898876404494,307.7893258426966,1324.453388909025,20.48314606741573,1.4606741573033708,19.02247191011236,79.76404494382022,0.4606741573033708
2022-07-13,365.5970701355163,5.595505617977528,736.2584269662921,310.7005617977528,1325.3442189198986,20.764044943820224,1.449438202247191,19.314606741573034,80.69662921348313,0.449438202247191
2022-07-14,369.25784192196016,5.50561797752809,744.4269662921348,313.61179775280897,1326.235048930772,21.04494382022472,1.4382022471910112,19.60674157303371,81.62921348314606,0.4382022471910112
2022-07-15,372.91861370840405,5.415730337078652,752.5955056179776,316.5230337078651,1327.1258789416456,21.325842696629216,1.4269662921348316,19.89887640449438,82.56179775280899,0.4269662921348315
2022-07-16,376.579385494848,5.325842696629214,760.7640449438202,319.43426966292134,1328.0167089525191,21.60674157303371,1.4157303370786516,20.191011235955056,83.49438202247191,0.4157303370786517
2022-07-17,380.2401572812919,5.235955056179775,768.9325842696628,322.3455056179775,1328.9075389633927,21.8876404494382,1.404494382022472,20.48314606741573,84.42696629213484,0.4044943820224719
2022-07-18,383.9009290677358,5.146067415730338,777.1011235955056,325.25674157303365,1329.7983689742662,22.168539325842698,1.3932584269662922,20.775280898876403,85.35955056179775,0.3932584269662922
2022-07-19,387.56170085417966,5.056179775280899,785.2696629213483,328.16797752808986,1330.6891989851397,22.449438202247194,1.3820224719101124,21.06741573033708,86.29213483146067,0.3820224719101124
2022-07-20,391.22247264062355,4.966292134831461,793.4382022471909,331.0792134831461,1331.580028996013,22.730337078651687,1.3707865168539326,21.359550561797754,87.22471910112358,0.3707865168539326
2022-07-21,394.88324442706744,4.876404494382022,801.6067415730337,333.99044943820223,1332.4708590068865,23.01123595505618,1.3595505617977528,21.651685393258425,88.15730337078651,0.3595505617977528
2022-07-22,398.5440162135113,4.786516853932584,809.7752808988764,336.9016853932584,1333.36168901776,23.292134831460675,1.348314606741573,21.9438202247191,89.08988764044943,0.348314606741573
2022-07-23,402.2047879999552,4.696629213483146,817.943820224719,339.8129213483146,1334.2525190286335,23.57303370786517,1.3370786516853932,22.235955056179776,90.02247191011236,0.3370786516853933
2022-07-24,405.86555978639916,4.606741573033708,826.1123595505617,342.72415730337076,1335.143349039507,23.853932584269664,1.3258426966292136,22.528089887640448,90.95505617977528,0.3258426966292135
2022-07-25,409.52633157284305,4.51685393258427,834.2808988764045,345.6353932584269,1336.0341790503805,24.134831460674157,1.3146067415730336,22.820224719101123,91.88764044943821,0.3146067415730337
2022-07-26,413.18710335928694,4.426966292134832,842.4494382022472,348.54662921348313,1336.925009061254,24.415730337078653,1.303370786516854,23.1123595505618,92.82022471910112,0.303370786516854
2022-07-27,416.8478751457309,4.337078651685394,850.6179775280898,351.4578651685393,1337.8158390721276,24.69662921348315,1.2921348314606742,23.40449438202247,93.75280898876404,0.2921348314606742
2022-07-28,420.50864693217477,4.247191011235955,858.7865168539325,354.36910112359544,1338.706669083001,24.97752808988764,1.2808988764044944,23.696629213483146,94.68539325842696,0.2808988764044944
2022-07-29,424.16941871861866,4.157303370786517,866.9550561797753,357.28033707865166,1339.5974990938746,25.258426966292134,1.2696629213483146,23.98876404494382,95.61797752808988,0.2696629213483146
2022-07-30,427.83019050506255,4.067415730337078,875.1235955056179,360.19157303370787,1340.4883291047481,25.53932584269663,1.2584269662921348,24.280898876404493,96.5505617977528,0.2584269662921348
2022-07-31,431.49096229150643,3.977528089887641,883.2921348314607,363.10280898876397,1341.3791591156216,25.820224719101127,1.2471910112359552,24.573033707865168,97.48314606741573,0.2471910112359551
2022-08-01,435.1517340779503,3.8876404494382024,891.4606741573033,366.0140449438202,1342.2699891264951,26.10112359550562,1.2359550561797752,24.865168539325843,98.41573033707866,0.2359550561797753
2022-08-02,438.8125058643942,3.797752808988764,899.629213483146,368.9252808988764,1343.1608191373687,26.382022471910112,1.2247191011235956,25.157303370786515,99.34831460674157,0.2247191011235955
2022-08-03,442.47327765083816,3.7078651685393265,907.7977528089887,371.83651685393255,1344.0516491482422,26.662921348314608,1.2134831460674158,25.44943820224719,100.28089887640449,0.2134831460674158
2022-08-04,446.13404943728204,3.617977528089888,915.9662921348314,374.7477528089887,1344.9424791591157,26.943820224719104,1.202247191011236,25.741573033707866,101.21348314606742,0.202247191011236
2022-08-05,449.79482122372593,3.5280898876404496,924.1348314606741,377.6589887640449,1345.8333091699892,27.224719101123597,1.1910112359550562,26.033707865168537,102.14606741573033,0.1910112359550562
2022-08-06,453.4555930101698,3.438202247191011,932.3033707865168,380.5702247191011,1346.7241391808627,27.50561797752809,1.1797752808988764,26.325842696629213,103.07865168539325,0.1797752808988764
2022-08-07,457.1163647966137,3.3483146067415728,940.4719101123595,383.48146067415723,1347.6149691917362,27.786516853932586,1.1685393258426966,26.617977528089888,104.01123595505618,0.1685393258426966
2022-08-08,460.7771365830576,3.2584269662921352,948.6404494382022,386.39269662921345,1348.5057992026098,28.067415730337082,1.1573033707865168,26.91011235955056,104.94382022471909,0.1573033707865169
2022-08-09,464.43790836950154,3.168539325842697,956.8089887640449,389.3039325842696,1349.3966292134833,28.348314606741575,1.1460674157303372,27.202247191011235,105.87640449438202,0.1460674157303371
2022-08-10,468.09868015594543,3.0786516853932584,964.9775280898876,392.21516853932576,1350.2874592243568,28.629213483146067,1.1348314606741572,27.49438202247191,106.80898876404494,0.1348314606741573
2022-08-11,471.7594519423893,2.988764044943821,973.1460674157303,395.126404494382,1351.1782892352303,28.910112359550563,1.1235955056179776,27.786516853932582,107.74157303370787,0.12359550561797761
2022-08-12,475.4202237288332,2.8988764044943824,981.314606741573,398.0376404494382,1352.0691192461036,29.19101123595506,1.1123595505617978,28.078651685393258,108.67415730337078,0.1123595505617978
2022-08-13,479.0809955152771,2.808988764044944,989.4831460674156,400.9488764044943,1352.959949256977,29.471910112359552,1.101123595505618,28.370786516853933,109.6067415730337,0.101123595505618
2022-08-14,482.74176730172104,2.7191011235955056,997.6516853932584,403.8601123595505,1353.8507792678506,29.752808988764045,1.0898876404494382,28.662921348314605,110.53932584269663,0.0898876404494382
2022-08-15,486.40253908816493,2.629213483146067,1005.820224719101,406.7713483146067,1354.7416092787241,30.03370786516854,1.0786516853932584,28.95505617977528,111.47191011235955,0.0786516853932584
2022-08-16,490.0633108746088,2.5393258426966296,1013.9887640449438,409.68258426966287,1355.6324392895976,30.314606741573037,1.0674157303370788,29.247191011235955,112.40449438202246,0.0674157303370787
2022-08-17,493.7240826610527,2.449438202247191,1022.1573033707865,412.593820224719,1356.5232693004712,30.59550561797753,1.0561797752808988,29.539325842696627,113.33707865168539,0.0561797752808989
2022-08-18,497.3848544474966,2.359550561797753,1030.325842696629,415.50505617977524,1357.4140993113447,30.876404494382022,1.0449438202247192,29.831460674157302,114.26966292134831,0.0449438202247191
2022-08-19,501.0456262339405,2.2696629213483153,1038.4943820224719,418.4162921348314,1358.3049293222182,31.15730337078652,1.0337078651685394,30.123595505617978,115.20224719101122,0.03370786516853941
2022-08-20,504.7063980203844,2.179775280898877,1046.6629213483145,421.32752808988755,1359.1957593330917,31.438202247191015,1.0224719101123596,30.41573033707865,116.13483146067415,0.022471910112359605
2022-08-21,508.3671698068283,2.0898876404494384,1054.8314606741574,424.23876404494376,1360.0865893439652,31.719101123595507,1.0112359550561798,30.707865168539325,117.06741573033707,0.011235955056179803
2022-08-22,512.0279415932722,2.0,1063.0,427.15,1360.9774193548387,32.0,1.0,31.0,118.0,0.0
2022-08-23,578.7020071264824,4.0,1188.0,485.8,1360.9774193548387,45.0,3.0,42.0,131.0,0.0
2022-08-24,571.1298816977641,12.0,1196.0,523.5,1360.9774193548387,40.0,4.0,36.0,130.0,0.0
2022-08-25,726.3386610550347,1.0,1333.0,568.0,1360.9774193548387,36.0,1.0,35.0,144.0,0.0
2022-08-26,420.8473315482194,4.0,917.0,345.55,1360.9774193548387,25.0,2.0,23.0,103.0,0.0
2022-08-27,455.6929862179565,2.666666666666667,968.0,377.0833333333333,1360.9774193548387,27.666666666666668,1.6666666666666667,26.0,108.33333333333333,0.0
2022-08-28,490.53864088769365,1.3333333333333335,1019.0,408.6166666666667,1360.9774193548387,30.333333333333332,1.3333333333333335,29.0,113.66666666666667,0.0
2022-08-29,525.3842955574307,0.0,1070.0,440.15,1360.9774193548387,33.0,1.0,32.0,119.0,0.0
2022-08-30,599.6973141292881,0.0,1218.0,536.9000000000001,1360.9774193548387,45.0,0.0,45.0,132.0,0.0
2022-08-31,541.465611398063,0.0,1126.0,469.95,1360.9774193548387,39.0,3.0,36.0,120.0,0.0
2022-09-01,632.9211198208793,0.0,1232.0,512.65,1539.2066666666665,33.0,1.0,32.0,132.0,0.0
2022-09-02,427.2781740481881,0.0,904.0,343.95,1539.2066666666665,28.0,1.0,27.0,101.0,0.0
2022-09-03,454.4604972748103,2.0,957.0,371.68333333333334,1539.2066666666665,29.333333333333332,2.0,27.333333333333332,106.66666666666667,0.0
2022-09-04,481.6428205014325,4.0,1010.0,399.41666666666663,1539.2066666666665,30.666666666666668,3.0,27.666666666666668,112.33333333333333,0.0
2022-09-05,508.8251437280547,6.0,1063.0,427.15,1539.2066666666665,32.0,4.0,28.0,118.0,0.0
2022-09-06,634.8243252790526,0.0,1294.0,556.5,1539.2066666666665,47.0,5.0,42.0,140.0,0.0
2022-09-07,594.6103170892254,4.0,1215.0,526.5,1539.2066666666665,42.0,6.0,36.0,132.0,0.0
2022-09-08,624.9703365551229,0.0,1232.0,512.65,1539.2066666666665,33.0,3.0,30.0,132.0,0.0
2022-09-09,429.6995651313851,10.0,904.0,343.95,1539.2066666666665,28.0,1.0,27.0,101.0,0.0
2022-09-10,461.4797248024671,8.0,959.6666666666666,371.93333333333334,1539.2066666666665,30.0,1.3333333333333333,28.666666666666668,107.0,0.0
2022-09-11,493.2598844735491,6.0,1015.3333333333334,399.91666666666663,1539.2066666666665,32.0,1.6666666666666665,30.333333333333332,113.0,0.0
2022-09-12,525.0400441446311,4.0,1071.0,427.9,1539.2066666666665,34.0,2.0,32.0,119.0,0.0
2022-09-13,618.2934526975066,0.0,1256.0,549.0,1539.2066666666665,47.0,1.0,46.0,136.0,0.0
2022-09-14,589.2347333575831,1.0,1207.0,524.5,1539.2066666666665,40.0,2.0,38.0,131.0,0.0
2022-09-15,636.7122187138438,0.0,1232.0,512.65,1539.2066666666665,33.0,1.0,32.0,132.0,0.0
2022-09-16,390.5681325659193,0.0,833.0,313.55,1539.2066666666665,24.0,0.0,24.0,93.0,0.0
2022-09-17,431.7581105562247,1.6666666666666667,909.6666666666666,351.4166666666667,1539.2066666666665,25.666666666666668,1.3333333333333333,24.333333333333332,101.33333333333333,0.0
2022-09-18,472.9480885465302,3.3333333333333335,986.3333333333334,389.2833333333333,1539.2066666666665,27.333333333333332,2.6666666666666665,24.666666666666668,109.66666666666667,0.0
2022-09-19,514.1380665368356,5.0,1063.0,427.15,1539.2066666666665,29.0,4.0,25.0,118.0,0.0
2022-09-20,602.5534481455186,2.0,1232.0,531.2,1539.2066666666665,46.0,1.0,45.0,133.0,0.0
2022-09-21,609.5574135537126,0.0,1257.0,546.6,1539.2066666666665,43.0,4.0,39.0,137.0,0.0
2022-09-22,667.0913492680983,0.0,1258.0,523.1500000000001,1539.2066666666665,35.0,0.0,35.0,135.0,0.0
2022-09-23,413.8296618876848,0.0,855.0,320.85,1539.2066666666665,27.0,0.0,27.0,96.0,0.0
2022-09-24,447.3348203857377,1.0,927.0,356.53333333333336,1539.2066666666665,29.333333333333332,1.3333333333333333,28.0,103.66666666666667,0.0
2022-09-25,480.8399788837907,2.0,999.0,392.21666666666664,1539.2066666666665,31.666666666666668,2.6666666666666665,29.0,111.33333333333333,0.0
2022-09-26,514.3451373818436,3.0,1071.0,427.9,1539.2066666666665,34.0,4.0,30.0,119.0,0.0
2022-09-27,617.3295945020228,0.0,1256.0,549.0,1539.2066666666665,45.0,1.0,44.0,136.0,0.0
2022-09-28,577.3929757857495,14.0,1215.0,526.5,1539.2066666666665,39.0,10.0,29.0,132.0,0.0
2022-09-29,634.8018558408971,0.0,1232.0,512.65,1539.2066666666665,33.0,3.0,30.0,132.0,0.0
2022-09-30,428.04203594837196,0.0,904.0,343.95,1539.2066666666665,26.0,1.0,25.0,101.0,0.0
2022-10-01,454.72429123234303,2.0,957.0,371.68333333333334,1508.5313261648744,27.666666666666668,2.0,25.666666666666668,106.66666666666667,0.0
2022-10-02,481.40654651631405,4.0,1010.0,399.41666666666663,1477.8559856630825,29.333333333333332,3.0,26.333333333333332,112.33333333333333,0.0
2022-10-03,508.0888018002851,6.0,1063.0,427.15,1447.1806451612904,31.0,4.0,27.0,118.0,0.0
2022-10-04,602.237495781364,4.0,1218.0,536.9000000000001,1447.1806451612904,45.0,1.0,44.0,132.0,0.0
2022-10-05,569.3429444516084,12.0,1196.0,523.5,1447.1806451612904,40.0,7.0,33.0,130.0,0.0
2022-10-06,573.7576112225578,0.0,1171.0,488.55000000000007,1447.1806451612904,37.0,1.0,36.0,126.0,0.0
2022-10-07,470.88599440166837,1.0,913.0,364.65,1447.1806451612904,26.0,2.0,24.0,102.0,0.0
2022-10-08,461.33645968304126,0.6666666666666667,928.0,370.3833333333333,1447.1806451612904,26.0,2.0,24.0,103.0,0.0
2022-10-09,451.7869249644141,0.33333333333333337,943.0,376.1166666666667,1447.1806451612904,26.0,2.0,24.0,104.0,0.0
2022-10-10,442.23739024578697,0.0,958.0,381.85,1447.1806451612904,26.0,2.0,24.0,105.0,0.0
2022-10-11,506.3077315915512,0.0,1061.0,453.95000000000005,1447.1806451612904,30.0,0.0,30.0,115.0,0.0
2022-10-12,498.796164638456,0.0,1008.0,439.6500000000001,1447.1806451612904,26.0,1.0,25.0,108.0,0.0
2022-10-13,555.9529382640796,0.0,1092.0,447.95000000000005,1447.1806451612904,24.0,0.0,24.0,120.0,0.0
2022-10-14,364.0990177764161,0.0,749.0,277.84999999999997,1447.1806451612904,19.0,0.0,19.0,85.0,0.0
2022-10-15,401.4006499124173,4.0,830.6666666666666,310.93333333333334,1447.1806451612904,22.333333333333332,1.6666666666666667,20.666666666666668,93.33333333333333,0.0
2022-10-16,438.70228204841845,8.0,912.3333333333334,344.01666666666665,1447.1806451612904,25.666666666666668,3.3333333333333335,22.333333333333332,101.66666666666667,0.0
2022-10-17,476.00391418441967,12.0,994.0,377.1,1447.1806451612904,29.0,5.0,24.0,110.0,0.0
2022-10-18,615.5132208346495,0.0,1256.0,549.0,1447.1806451612904,45.0,0.0,45.0,136.0,0.0
2022-10-19,591.4139194995564,0.0,1215.0,526.5,1447.1806451612904,41.0,5.0,36.0,132.0,0.0
2022-10-20,625.9045713551435,9.0,1232.0,512.65,1447.1806451612904,36.0,4.0,32.0,132.0,0.0
2022-10-21,466.5346704294533,0.0,946.0,395.35,1447.1806451612904,30.0,0.0,30.0,107.0,0.0
2022-10-22,479.82113012215484,0.3333333333333333,976.3333333333334,396.7166666666667,1447.1806451612904,30.333333333333332,0.6666666666666666,29.666666666666668,109.66666666666667,0.0
2022-10-23,493.10758981485634,0.6666666666666666,1006.6666666666666,398.08333333333337,1447.1806451612904,30.666666666666668,1.3333333333333333,29.333333333333332,112.33333333333333,0.0
2022-10-24,506.3940495075579,1.0,1037.0,399.45000000000005,1447.1806451612904,31.0,2.0,29.0,115.0,0.0
2022-10-25,617.0580111128971,0.0,1256.0,544.4,1447.1806451612904,47.0,3.0,44.0,136.0,0.0
2022-10-26,592.8341240000624,0.0,1215.0,526.5,1447.1806451612904,40.0,1.0,39.0,132.0,0.0
2022-10-27,622.7388549226266,1.0,1207.0,510.55,1447.1806451612904,33.0,2.0,31.0,131.0,0.0
2022-10-28,442.779302667298,0.0,910.0,378.55,1447.1806451612904,28.0,3.0,25.0,102.0,0.0
2022-10-29,470.3425311065363,0.0,963.6666666666666,395.0,1447.1806451612904,30.0,2.6666666666666665,27.333333333333332,107.66666666666667,0.0
2022-10-30,497.9057595457746,0.0,1017.3333333333334,411.45,1447.1806451612904,32.0,2.3333333333333335,29.666666666666668,113.33333333333333,0.0
2022-10-31,525.4689879850129,0.0,1071.0,427.9,1447.1806451612904,34.0,2.0,32.0,119.0,0.0
2022-11-01,582.7157827047862,0.0,1191.0,515.05,1460.2433333333333,44.0,0.0,44.0,128.0,0.0
2022-11-02,539.4791150756284,2.0,1126.0,469.95,1460.2433333333333,35.0,6.0,29.0,120.0,0.0
2022-11-03,630.299362798638,6.0,1232.0,512.65,1460.2433333333333,34.0,3.0,31.0,132.0,0.0
2022-11-04,421.54842442219166,0.0,883.0,336.65000000000003,1460.2433333333333,27.0,1.0,26.0,100.0,0.0
2022-11-05,445.51239229316684,0.0,916.0,350.95000000000005,1460.2433333333333,28.333333333333332,1.6666666666666665,26.666666666666668,103.66666666666667,0.0
2022-11-06,469.4763601641421,0.0,949.0,365.25,1460.2433333333333,29.666666666666668,2.333333333333333,27.333333333333332,107.33333333333333,0.0
2022-11-07,493.44032803511726,0.0,982.0,379.55,1460.2433333333333,31.0,3.0,28.0,111.0,0.0
2022-11-08,638.0540038977435,0.0,1294.0,556.5,1460.2433333333333,49.0,0.0,49.0,140.0,0.0
2022-11-09,593.4710821610004,0.0,1215.0,526.5,1460.2433333333333,40.0,1.0,39.0,132.0,0.0
2022-11-10,596.2553299631988,0.0,1125.0,477.65000000000003,1460.2433333333333,33.0,1.0,32.0,121.0,0.0
2022-11-11,460.61134154780564,0.0,969.0,396.35,1460.2433333333333,28.0,0.0,28.0,108.0,0.0
2022-11-12,479.73800771819924,1.3333333333333333,1000.0,405.3,1460.2433333333333,30.0,1.0,29.0,111.66666666666667,0.0
2022-11-13,498.86467388859285,2.6666666666666665,1031.0,414.25,1460.2433333333333,32.0,2.0,30.0,115.33333333333333,0.0
2022-11-14,517.9913400589865,4.0,1062.0,423.2,1460.2433333333333,34.0,3.0,31.0,119.0,0.0
2022-11-15,616.5481094287177,0.0,1256.0,549.0,1460.2433333333333,47.0,2.0,45.0,136.0,0.0
2022-11-16,570.9146784732734,0.0,1169.0,487.6,1460.2433333333333,34.0,3.0,31.0,125.0,0.0
2022-11-17,637.3923797967009,0.0,1238.0,514.6500000000001,1460.2433333333333,35.0,1.0,34.0,133.0,0.0
2022-11-18,447.63043169807776,0.0,946.0,388.25,1460.2433333333333,25.0,1.0,25.0,106.0,0.0
2022-11-19,467.4375591788535,0.0,976.6666666666666,393.75,1460.2433333333333,27.333333333333332,2.0,26.0,109.33333333333333,0.0
2022-11-20,487.2446866596292,0.0,1007.3333333333334,399.25,1460.2433333333333,29.666666666666668,3.0,27.0,112.66666666666667,0.0
2022-11-21,507.051814140405,0.0,1038.0,404.75,1460.2433333333333,32.0,4.0,28.0,116.0,0.0
2022-11-22,613.5256630528953,0.0,1250.0,547.0,1460.2433333333333,45.0,0.0,45.0,135.0,0.0
2022-11-23,589.101501682557,4.0,1215.0,526.5,1460.2433333333333,41.0,5.0,36.0,132.0,0.0
2022-11-24,636.2107163607916,0.0,1238.0,514.6500000000001,1460.2433333333333,35.0,5.0,30.0,133.0,0.0
2022-11-25,464.68978040382035,0.0,982.0,405.05,1460.2433333333333,27.0,0.0,27.0,111.0,0.0
2022-11-26,478.9961883600055,0.0,998.0,403.95,1460.2433333333333,28.333333333333332,0.3333333333333333,28.0,112.33333333333333,0.0
2022-11-27,493.30259631619066,0.0,1014.0,402.85,1460.2433333333333,29.666666666666668,0.6666666666666666,29.0,113.66666666666667,0.0
2022-11-28,507.6090042723758,0.0,1030.0,401.75,1460.2433333333333,31.0,1.0,30.0,115.0,0.0
2022-11-29,617.8538436961458,0.0,1262.0,546.4000000000001,1460.2433333333333,46.0,1.0,45.0,137.0,0.0
2022-11-30,591.968033107278,0.0,1215.0,526.5,1460.2433333333333,41.0,2.0,39.0,132.0,0.0
2022-12-01,629.9832695110915,2.0,1238.0,514.6500000000001,1449.7322580645161,36.0,2.0,34.0,133.0,1.0
2022-12-02,356.269625829536,7.0,746.0,310.25,1449.7322580645161,17.0,2.0,15.0,82.0,1.0
2022-12-03,375.8293777760202,4.666666666666666,791.3333333333334,326.3333333333333,1449.7322580645161,15.333333333333334,1.3333333333333335,14.0,85.66666666666667,1.0
2022-12-04,395.38912972250444,2.333333333333333,836.6666666666666,342.4166666666667,1449.7322580645161,13.666666666666666,0.6666666666666667,13.0,89.33333333333333,1.0
2022-12-05,414.94888166898863,0.0,882.0,358.5,1449.7322580645161,12.0,0.0,12.0,93.0,1.0
2022-12-06,323.94423603836725,0.0,641.0,282.20000000000005,1449.7322580645161,10.0,0.0,10.0,73.0,1.0
2022-12-07,404.1455265794865,0.0,902.0,350.15,1449.7322580645161,13.0,1.0,13.0,96.0,1.0
2022-12-08,208.6821668198404,0.0,357.0,147.7,1449.7322580645161,6.0,0.0,6.0,41.0,1.0
2022-12-09,262.17330580702765,0.0,575.0,228.05,1449.7322580645161,10.0,0.0,10.0,65.0,1.0
2022-12-10,258.7407458586582,2.6666666666666665,577.3333333333334,228.96666666666667,1449.7322580645161,10.333333333333334,0.3333333333333333,10.0,65.0,1.0
2022-12-11,255.30818591028873,5.333333333333333,579.6666666666666,229.88333333333333,1449.7322580645161,10.666666666666666,0.6666666666666666,10.0,65.0,1.0
2022-12-12,251.87562596191927,8.0,582.0,230.79999999999998,1449.7322580645161,11.0,1.0,10.0,65.0,1.0
2022-12-13,192.36042145438523,0.0,484.0,152.2,1449.7322580645161,9.0,0.0,9.0,51.0,1.0
2022-12-14,398.03728553028435,0.0,868.0,323.40000000000003,1449.7322580645161,14.0,0.0,14.0,94.0,1.0
2022-12-15,292.0825890683655,0.0,540.0,283.8,1449.7322580645161,9.0,0.0,9.0,61.0,1.0
2022-12-16,197.99569206319697,0.0,437.0,155.70000000000002,1449.7322580645161,8.0,0.0,8.0,49.0,1.0
2022-12-17,172.25889421453027,0.0,385.3333333333333,144.51666666666668,1449.7322580645161,6.333333333333333,0.0,6.333333333333333,41.0,1.0
2022-12-18,146.52209636586358,0.0,333.6666666666667,133.33333333333331,1449.7322580645161,4.666666666666666,0.0,4.666666666666666,33.0,1.0
2022-12-19,120.78529851719689,0.0,282.0,122.14999999999998,1449.7322580645161,3.0,0.0,3.0,25.0,1.0
2022-12-20,135.7110762878271,0.0,310.85714285714283,134.30535714285713,1449.7322580645161,4.0,0.0,4.0,28.321428571428573,0.9642857142857143
2022-12-21,150.6368540584573,0.0,339.7142857142857,146.46071428571426,1449.7322580645161,5.0,0.0,5.0,31.642857142857142,0.9285714285714286
2022-12-22,165.56263182908748,0.0,368.57142857142856,158.61607142857142,1449.7322580645161,6.0,0.0,6.0,34.964285714285715,0.8928571428571429
2022-12-23,180.48840959971767,0.0,397.42857142857144,170.77142857142854,1449.7322580645161,7.0,0.0,7.0,38.285714285714285,0.8571428571428572
2022-12-24,195.41418737034786,0.0,426.2857142857143,182.9267857142857,1449.7322580645161,8.0,0.0,8.0,41.60714285714286,0.8214285714285714
2022-12-25,210.33996514097805,0.0,455.1428571428571,195.08214285714286,1449.7322580645161,9.0,0.0,9.0,44.92857142857143,0.7857142857142857
2022-12-26,225.26574291160824,0.0,484.0,207.2375,1449.7322580645161,10.0,0.0,10.0,48.25,0.75
2022-12-27,240.19152068223843,0.0,512.8571428571429,219.39285714285714,1449.7322580645161,11.0,0.0,11.0,51.57142857142857,0.7142857142857143
2022-12-28,255.11729845286862,0.0,541.7142857142858,231.54821428571427,1449.7322580645161,12.0,0.0,12.0,54.892857142857146,0.6785714285714286
2022-12-29,270.0430762234988,0.0,570.5714285714286,243.70357142857142,1449.7322580645161,13.0,0.0,13.0,58.214285714285715,0.6428571428571429
2022-12-30,284.968853994129,0.0,599.4285714285714,255.85892857142858,1449.7322580645161,14.0,0.0,14.0,61.535714285714285,0.6071428571428572
2022-12-31,299.8946317647592,0.0,628.2857142857142,268.01428571428573,1449.7322580645161,15.0,0.0,15.0,64.85714285714286,0.5714285714285714
2023-01-01,314.8204095353894,0.0,657.1428571428571,280.1696428571429,1449.7322580645161,16.0,0.0,16.0,68.17857142857143,0.5357142857142858
2023-01-02,329.7461873060196,0.0,686.0,292.32500000000005,1449.7322580645161,17.0,0.0,17.0,71.5,0.5
2023-01-03,344.67196507664977,0.0,714.8571428571429,304.48035714285714,1449.7322580645161,18.0,0.0,18.0,74.82142857142858,0.4642857142857143
2023-01-04,359.59774284727996,0.0,743.7142857142858,316.6357142857143,1449.7322580645161,19.0,0.0,19.0,78.14285714285714,0.4285714285714286
2023-01-05,374.52352061791015,0.0,772.5714285714286,328.79107142857146,1449.7322580645161,20.0,0.0,20.0,81.46428571428572,0.3928571428571429
2023-01-06,389.44929838854034,0.0,801.4285714285714,340.94642857142856,1449.7322580645161,21.0,0.0,21.0,84.78571428571429,0.3571428571428572
2023-01-07,404.37507615917053,0.0,830.2857142857143,353.1017857142857,1449.7322580645161,22.0,0.0,22.0,88.10714285714286,0.3214285714285715
2023-01-08,419.3008539298007,0.0,859.1428571428571,365.25714285714287,1449.7322580645161,23.0,0.0,23.0,91.42857142857143,0.2857142857142858
2023-01-09,434.2266317004309,0.0,888.0,377.4125,1449.7322580645161,24.0,0.0,24.0,94.75,0.25
2023-01-10,449.1524094710611,0.0,916.8571428571429,389.5678571428572,1449.7322580645161,25.0,0.0,25.0,98.07142857142857,0.2142857142857143
2023-01-11,464.0781872416913,0.0,945.7142857142858,401.72321428571433,1449.7322580645161,26.0,0.0,26.0,101.39285714285715,0.1785714285714286
2023-01-12,479.0039650123215,0.0,974.5714285714286,413.8785714285715,1449.7322580645161,27.0,0.0,27.0,104.71428571428572,0.1428571428571429
2023-01-13,493.9297427829517,0.0,1003.4285714285714,426.0339285714286,1449.7322580645161,28.0,0.0,28.0,108.03571428571429,0.1071428571428572
2023-01-14,508.85552055358187,0.0,1032.2857142857142,438.18928571428575,1449.7322580645161,29.0,0.0,29.0,111.35714285714286,0.07142857142857151
2023-01-15,523.781298324212,0.0,1061.142857142857,450.3446428571429,1449.7322580645161,30.0,0.0,30.0,114.67857142857143,0.03571428571428581
2023-01-16,538.7070760948423,0.0,1090.0,462.50000000000006,1449.7322580645161,31.0,0.0,31.0,118.0,0.0
2023-01-17,400.22650819285803,0.0,815.0,319.4000000000001,1449.7322580645161,30.0,1.0,29.0,90.0,0.0
2023-01-18,430.8470794783051,0.0,938.0,363.05000000000007,1449.7322580645161,34.0,1.0,33.0,105.0,0.0
2023-01-19,530.0726094189214,2.0,1072.0,443.75,1449.7322580645161,37.0,1.0,36.0,119.0,0.0
2023-01-20,336.2546951471158,0.0,678.0,234.5,1449.7322580645161,31.0,0.0,31.0,78.0,0.0
2023-01-21,347.59214498085703,0.0,699.6666666666666,271.4166666666667,1449.7322580645161,25.333333333333332,0.0,25.333333333333332,78.33333333333333,0.0
2023-01-22,358.9295948145982,0.0,721.3333333333334,308.33333333333337,1449.7322580645161,19.666666666666664,0.0,19.666666666666664,78.66666666666667,0.0
2023-01-23,370.26704464833944,0.0,743.0,345.25000000000006,1449.7322580645161,14.0,0.0,14.0,79.0,0.0
2023-01-24,394.3829066240282,0.0,815.0,319.4000000000001,1449.7322580645161,30.0,0.0,30.0,90.0,0.0
2023-01-25,430.81833388532516,0.0,922.0,361.0,1449.7322580645161,36.0,1.0,35.0,103.0,0.0
2023-01-26,496.62870718156574,5.0,1004.0,425.35,1449.7322580645161,37.0,2.0,35.0,111.0,0.0
2023-01-27,305.761820464612,0.0,612.0,208.7,1449.7322580645161,28.0,0.0,28.0,71.0,0.0
2023-01-28,384.00049778462443,0.0,771.3333333333334,293.3,1449.7322580645161,28.666666666666668,0.0,28.666666666666668,86.66666666666667,0.0
2023-01-29,462.23917510463684,0.0,930.6666666666667,377.90000000000003,1449.7322580645161,29.333333333333332,0.0,29.333333333333332,102.33333333333333,0.0
2023-01-30,540.4778524246493,0.0,1090.0,462.50000000000006,1449.7322580645161,30.0,0.0,30.0,118.0,0.0
2023-01-31,392.75991289889527,0.0,815.0,319.4000000000001,1449.7322580645161,29.0,1.0,28.0,90.0,0.0
2023-02-01,435.62677966267427,0.0,938.0,363.05000000000007,1449.7322580645161,39.0,1.0,38.0,105.0,0.0
2023-02-02,497.36782321274944,21.0,1004.0,425.35,1449.7322580645161,35.0,4.0,31.0,111.0,0.0
2023-02-03,298.96278907706574,0.0,612.0,208.7,1449.7322580645161,26.0,0.0,26.0,71.0,0.0
2023-02-04,379.8751934184755,0.0,771.3333333333334,293.3,1449.7322580645161,27.666666666666668,0.0,27.666666666666668,86.66666666666667,0.0
2023-02-05,460.7875977598852,0.0,930.6666666666667,377.90000000000003,1449.7322580645161,29.333333333333332,0.0,29.333333333333332,102.33333333333333,0.0
2023-02-06,541.7000021012949,0.0,1090.0,462.50000000000006,1449.7322580645161,31.0,0.0,31.0,118.0,0.0
2023-02-07,391.7746130417524,0.0,815.0,319.4000000000001,1449.7322580645161,29.0,1.0,28.0,90.0,0.0
2023-02-08,469.81489012443456,0.0,956.0,394.05000000000007,1449.7322580645161,40.0,1.0,39.0,107.0,0.0
2023-02-09,485.4603253142773,5.0,1054.0,412.75,1449.7322580645161,35.0,1.0,34.0,117.0,0.0
2023-02-10,338.20271469884847,0.0,672.0,257.8,1449.7322580645161,29.0,1.0,28.0,77.0,0.0
2023-02-11,408.6715190703932,0.0,811.3333333333334,326.03333333333336,1449.7322580645161,29.0,1.0,28.0,90.66666666666667,0.0
2023-02-12,479.1403234419379,0.0,950.6666666666667,394.2666666666667,1449.7322580645161,29.0,1.0,28.0,104.33333333333333,0.0
2023-02-13,549.6091278134826,0.0,1090.0,462.50000000000006,1449.7322580645161,29.0,1.0,28.0,118.0,0.0
2023-02-14,393.69828999449334,0.0,815.0,319.4000000000001,1449.7322580645161,30.0,1.0,29.0,90.0,0.0
2023-02-15,434.4520697341029,0.0,938.0,363.05000000000007,1449.7322580645161,38.0,2.0,36.0,105.0,0.0
2023-02-16,519.6343319507752,5.0,1072.0,443.75,1449.7322580645161,35.0,1.0,34.0,119.0,0.0
2023-02-17,363.32110781131666,0.0,722.0,265.90000000000003,1449.7322580645161,30.0,1.0,29.0,82.0,0.0
2023-02-18,426.0579857366019,0.0,844.6666666666666,331.4333333333334,1449.7322580645161,30.0,0.6666666666666667,29.333333333333332,94.0,0.0
2023-02-19,488.7948636618872,0.0,967.3333333333334,396.9666666666667,1449.7322580645161,30.0,0.33333333333333337,29.666666666666668,106.0,0.0
2023-02-20,551.5317415871724,0.0,1090.0,462.50000000000006,1449.7322580645161,30.0,0.0,30.0,118.0,0.0
2023-02-21,393.56921281247537,2.0,815.0,319.4000000000001,1449.7322580645161,29.0,1.0,28.0,90.0,0.0
2023-02-22,433.38741823497116,1.0,922.0,361.0,1449.7322580645161,37.0,2.0,35.0,103.0,0.0
2023-02-23,520.9663528526158,5.0,1072.0,443.75,1449.7322580645161,38.0,4.0,34.0,119.0,0.0
2023-02-24,329.43283114020437,0.0,672.0,257.8,1449.7322580645161,27.0,0.0,27.0,77.0,0.0
2023-02-25,399.6876983947636,0.0,797.6666666666666,321.8333333333333,1449.7322580645161,28.0,0.0,28.0,89.0,0.0
2023-02-26,469.9425656493228,0.0,923.3333333333334,385.8666666666667,1449.7322580645161,29.0,0.0,29.0,101.0,0.0
2023-02-27,540.1974329038819,0.0,1049.0,449.9,1449.7322580645161,30.0,0.0,30.0,113.0,0.0
2023-02-28,393.08888316483893,0.0,815.0,319.4000000000001,1449.7322580645161,30.0,2.0,28.0,90.0,0.0
2023-03-01,437.6615113259396,0.0,938.0,363.05000000000007,1449.7322580645161,38.0,2.0,36.0,105.0,0.0
2023-03-02,520.57532860408,5.0,1072.0,443.75,1449.7322580645161,36.0,1.0,35.0,119.0,0.0
2023-03-03,368.0491021450342,4.0,714.0,264.9,1449.7322580645161,29.0,2.0,27.0,81.0,0.0
2023-03-04,402.30282184244555,7.666666666666666,807.6666666666666,326.09999999999997,1449.7322580645161,26.666666666666668,1.6666666666666667,25.0,90.33333333333333,0.0
2023-03-05,436.5565415398569,11.333333333333332,901.3333333333334,387.3,1449.7322580645161,24.333333333333332,1.3333333333333335,23.0,99.66666666666667,0.0
2023-03-06,470.8102612372682,15.0,995.0,448.5,1449.7322580645161,22.0,1.0,21.0,109.0,0.0
2023-03-07,349.4796794372204,0.0,746.0,284.0,1449.7322580645161,19.0,0.0,19.0,82.0,0.0
2023-03-08,414.52766578620776,3.0,908.0,358.0,1449.7322580645161,29.0,1.0,28.0,101.0,0.0
2023-03-09,514.5523816526425,5.0,1060.0,442.45000000000005,1449.7322580645161,31.0,1.0,30.0,118.0,0.0
2023-03-10,323.2989928114512,0.0,672.0,255.89999999999998,1449.7322580645161,25.0,1.0,24.0,76.0,0.0
2023-03-11,401.82037111711026,0.0,797.6666666666666,320.56666666666666,1449.7322580645161,28.0,0.6666666666666667,27.333333333333332,88.33333333333333,0.0
2023-03-12,480.3417494227692,0.0,923.3333333333334,385.23333333333335,1449.7322580645161,31.0,0.33333333333333337,30.666666666666668,100.66666666666667,0.0
2023-03-13,558.8631277284283,0.0,1049.0,449.9,1449.7322580645161,34.0,0.0,34.0,113.0,0.0
2023-03-14,393.65387720918903,0.0,815.0,319.4000000000001,1449.7322580645161,29.0,0.0,29.0,90.0,0.0
2023-03-15,427.81505714086984,3.0,938.0,363.05000000000007,1449.7322580645161,33.0,2.0,31.0,105.0,0.0
2023-03-16,521.0203005850235,5.0,1072.0,443.75,1449.7322580645161,36.0,1.0,35.0,119.0,0.0
2023-03-17,341.8654820945344,0.0,690.0,260.7,1449.7322580645161,27.0,0.0,27.0,79.0,0.0
2023-03-18,35.050533765588696,0.0,18.0,31.0,1449.7322580645161,1.0,0.0,1.0,2.0,0.0
2023-03-19,311.18760331181295,0.0,565.0,248.75,1449.7322580645161,17.5,0.0,17.5,61.0,0.0
2023-03-20,587.3246728580373,0.0,1112.0,466.5,1449.7322580645161,34.0,0.0,34.0,120.0,0.0
2023-03-21,394.5095779353325,2.0,815.0,319.4000000000001,1449.7322580645161,29.0,2.0,27.0,90.0,0.0
2023-03-22,325.62543431121503,0.0,707.0,284.05000000000007,1449.7322580645161,23.0,0.0,23.0,81.0,0.0
2023-03-23,383.37887128922654,5.0,847.0,344.8499999999999,1449.7322580645161,23.0,1.0,22.0,93.0,0.0
2023-03-24,345.96724457504024,0.0,690.0,260.7,1449.7322580645161,30.0,3.0,27.0,79.0,0.0
2023-03-25,421.4527974645424,0.0,823.3333333333334,327.9666666666667,1449.7322580645161,30.666666666666668,2.0,28.666666666666668,92.0,0.0
2023-03-26,496.9383503540446,0.0,956.6666666666667,395.23333333333335,1449.7322580645161,31.333333333333332,1.0,30.333333333333332,105.0,0.0
2023-03-27,572.4239032435468,0.0,1090.0,462.50000000000006,1449.7322580645161,32.0,0.0,32.0,118.0,0.0
2023-03-28,392.5953316346523,0.0,815.0,319.4000000000001,1449.7322580645161,28.0,0.0,28.0,90.0,0.0
2023-03-29,432.81876313566806,0.0,938.0,363.05000000000007,1449.7322580645161,34.0,0.0,34.0,105.0,0.0
2023-03-30,521.6509556143579,5.0,1072.0,443.75,1449.7322580645161,37.0,2.0,35.0,119.0,0.0
2023-03-31,346.09418416244455,0.0,690.0,260.7,1449.7322580645161,29.0,0.0,29.0,79.0,0.0
2023-04-01,418.64459470852626,4.0,823.3333333333334,327.9666666666667,1449.7322580645161,30.333333333333332,0.3333333333333333,30.0,92.0,0.0
2023-04-02,491.19500525460796,8.0,956.6666666666667,395.23333333333335,1449.7322580645161,31.666666666666668,0.6666666666666666,31.0,105.0,0.0
2023-04-03,563.7454158006897,12.0,1090.0,462.50000000000006,1449.7322580645161,33.0,1.0,32.0,118.0,0.0
2023-04-04,392.93458261999416,0.0,815.0,319.4000000000001,1449.7322580645161,29.0,1.0,28.0,90.0,0.0
2023-04-05,435.3939294435186,0.0,938.0,363.05000000000007,1449.7322580645161,35.0,0.0,35.0,105.0,0.0
2023-04-06,520.5128479987271,5.0,1072.0,443.75,1449.7322580645161,36.0,2.0,34.0,119.0,0.0
2023-04-07,271.7137546763479,0.0,579.0,222.2,1449.7322580645161,19.0,1.0,18.0,66.0,0.0
2023-04-08,370.34361973134827,0.0,749.3333333333334,302.3,1449.7322580645161,23.333333333333332,0.6666666666666667,22.666666666666668,83.33333333333333,0.0
2023-04-09,468.97348478634865,0.0,919.6666666666667,382.40000000000003,1449.7322580645161,27.666666666666664,0.33333333333333337,27.333333333333336,100.66666666666666,0.0
2023-04-10,567.603349841349,0.0,1090.0,462.50000000000006,1449.7322580645161,32.0,0.0,32.0,118.0,0.0
2023-04-11,433.901655254176,0.0,833.0,350.40000000000003,1449.7322580645161,30.0,0.0,30.0,92.0,0.0
2023-04-12,429.48449642586996,0.0,938.0,363.05000000000007,1449.7322580645161,34.0,1.0,33.0,105.0,0.0
2023-04-13,485.2352185090053,5.0,1054.0,412.75,1449.7322580645161,35.0,3.0,32.0,117.0,0.0
2023-04-14,350.49165981280294,8.0,690.0,260.7,1449.7322580645161,30.0,2.0,28.0,79.0,0.0
2023-04-15,421.6634090056468,6.333333333333333,823.3333333333334,327.9666666666667,1449.7322580645161,31.0,3.666666666666667,27.333333333333332,92.0,0.0
2023-04-16,492.8351581984907,4.666666666666666,956.6666666666667,395.23333333333335,1449.7322580645161,32.0,5.333333333333334,26.666666666666668,105.0,0.0
2023-04-17,564.0069073913346,3.0,1090.0,462.50000000000006,1449.7322580645161,33.0,7.0,26.0,118.0,0.0
2023-04-18,390.31140157352036,7.0,815.0,319.4000000000001,1449.7322580645161,28.0,4.0,24.0,90.0,0.0
2023-04-19,290.7388711198623,0.0,645.0,267.0,1449.7322580645161,19.0,0.0,19.0,74.0,0.0
2023-04-20,343.9890756261653,6.0,795.0,317.84999999999997,1449.7322580645161,19.0,1.0,18.0,87.0,0.0
2023-04-21,295.22513478963987,0.0,620.0,237.2,1449.7322580645161,20.0,0.0,20.0,70.0,0.0
2023-04-22,354.41419524729685,0.0,732.6666666666666,293.85,1449.7322580645161,19.333333333333332,0.0,19.333333333333332,80.33333333333333,0.0
2023-04-23,413.6032557049538,0.0,845.3333333333334,350.5,1449.7322580645161,18.666666666666668,0.0,18.666666666666668,90.66666666666667,0.0
2023-04-24,472.7923161626108,0.0,958.0,407.15000000000003,1449.7322580645161,18.0,0.0,18.0,101.0,0.0
2023-04-25,300.3473433414978,0.0,608.0,258.0,1449.7322580645161,17.0,0.0,17.0,69.0,0.0
2023-04-26,317.27505058231134,1.0,693.0,281.40000000000003,1449.7322580645161,21.0,1.0,20.0,79.0,0.0
2023-04-27,521.7907436686716,14.0,1072.0,443.75,1449.7322580645161,36.0,6.0,30.0,119.0,0.0
2023-04-28,349.2740465067273,8.0,690.0,260.7,1449.7322580645161,30.0,5.0,25.0,79.0,0.0
2023-04-29,405.6559664512032,5.333333333333334,809.3333333333334,322.84999999999997,1449.7322580645161,28.0,3.666666666666667,24.333333333333332,90.0,0.3333333333333333
2023-04-30,462.0378863956791,2.666666666666667,928.6666666666666,385.0,1449.7322580645161,26.0,2.3333333333333335,23.666666666666668,101.0,0.6666666666666666
2023-05-01,518.419806340155,0.0,1048.0,447.15,1449.7322580645161,24.0,1.0,23.0,112.0,1.0
2023-05-02,393.30133916142273,0.0,815.0,319.4000000000001,1449.7322580645161,28.0,0.0,28.0,90.0,1.0
2023-05-03,428.1864103732004,0.0,930.0,362.04999999999995,1449.7322580645161,34.0,3.0,31.0,104.0,1.0
2023-05-04,518.367441633466,5.0,1060.0,442.45000000000005,1449.7322580645161,36.0,3.0,33.0,118.0,1.0
2023-05-05,366.54793474254683,0.0,732.0,267.8,1449.7322580645161,32.0,1.0,31.0,83.0,1.0
2023-05-06,312.8589229986143,0.0,637.6666666666666,234.53333333333333,1449.7322580645161,24.333333333333332,0.6666666666666667,23.666666666666668,72.66666666666667,1.0
2023-05-07,259.1699112546817,0.0,543.3333333333334,201.26666666666665,1449.7322580645161,16.666666666666664,0.33333333333333337,16.333333333333336,62.33333333333333,1.0
2023-05-08,205.48089951074914,0.0,449.0,167.99999999999997,1449.7322580645161,9.0,0.0,9.0,52.0,1.0
2023-05-09,214.7245480373256,0.0,398.0,180.9,1449.7322580645161,8.0,0.0,8.0,42.0,1.0
2023-05-10,138.34927291430753,0.0,279.0,116.7,1449.7322580645161,6.0,0.0,6.0,31.0,1.0
2023-05-11,250.24237952353047,0.0,571.0,200.5,1449.7322580645161,11.0,0.0,11.0,65.0,1.0
2023-05-12,240.70326191627632,0.0,531.0,186.0,1449.7322580645161,10.0,0.0,10.0,62.0,1.0
2023-05-13,257.6625746631424,0.0,558.0,202.0,1449.7322580645161,11.0,0.0,11.0,64.66666666666667,1.0
2023-05-14,274.62188741000847,0.0,585.0,217.99999999999997,1449.7322580645161,12.0,0.0,12.0,67.33333333333333,1.0
2023-05-15,291.58120015687456,0.0,612.0,233.99999999999997,1449.7322580645161,13.0,0.0,13.0,70.0,1.0
2023-05-16,315.3078212708537,0.0,708.0,289.95,1449.7322580645161,12.0,0.0,12.0,78.0,1.0
2023-05-17,255.4825964464673,0.0,564.0,207.79999999999998,1449.7322580645161,12.0,0.0,12.0,65.0,1.0
2023-05-18,285.4137792206001,0.0,638.5,257.875,1449.7322580645161,11.5,0.0,11.5,70.5,1.0
2023-05-19,315.34496199473284,0.0,713.0,307.95,1449.7322580645161,11.0,0.0,11.0,76.0,1.0
